<?xml version="1.0" encoding="UTF-8" ?>
<module>
	<name>yamodule</name>
	<displayName><![CDATA[Набор модулей от Yandex]]></displayName>
	<version><![CDATA[0.1]]></version>
	<description><![CDATA[Yandex.Money, Yandex.Kassa, Yandex.Metrika, Yandex.Market, Yandex.Покупки]]></description>
	<author><![CDATA[PS]]></author>
	<tab><![CDATA[payments_gateways]]></tab>
	<confirmUninstall><![CDATA[Действительно удалить модуль?]]></confirmUninstall>
	<is_configurable>1</is_configurable>
	<need_instance>1</need_instance>
	<limited_countries></limited_countries>
</module>